C	2026-09-27		bin/server/reports/unknown-entities.sh	Build speed round 8: entity views in parallel; unknown-entities back to 6 workers
C	2026-09-27	1	bin/transfer/reports/failed.sh	Build speed round 7: seek-based byte ranges, skip-list hoist, batched crumbs
C	2026-09-27	2	bin/transfer/reports/failed.sh	Build speed round 6: parallel server-cache scans in failed, expire, day
C	2026-09-27	3	bin/server/reports/unknown-entities.sh	Build speed round 4: addline ring, byte-range rescan, parallel session scan
C	2026-09-27	4	bin/transfer/reports/details.sh	Build speed round 2 (the code): parallel transfer tokenize, failed.sh hour index, logon step
C	2026-09-27	4	bin/transfer/reports/failed.sh	Build speed round 2 (the code): parallel transfer tokenize, failed.sh hour index, logon step
C	2026-09-27	5	bin/transfer/reports/failed.sh	Build speed round 1: logon summary in the server step, waiting.sh sorts, laps
C	2026-09-27	5	bin/transfer/reports/waiting.sh	Build speed round 1: logon summary in the server step, waiting.sh sorts, laps
C	2026-09-27	6	bin/transfer/reports/details.sh	details.sh: the stream protocol comment marks field 16 as unused
C	2026-09-27	7	bin/transfer/reports/details.sh	Syntax gate before every build and runtime sync; details.sh phase timings
C	2026-09-27	8	bin/analyses/reports/file-search.sh	File search: search as you type, no Search button, no idle text
C	2026-09-27	9	bin/analyses/reports/file-search.sh	File search: drop the window dates from the title and the summary line
C	2026-09-21	10	bin/transfer/reports/failed.sh	Waiting: default sort Waiting for descending + the subscription File pages
C	2026-09-21	10	bin/transfer/reports/waiting.sh	Waiting: default sort Waiting for descending + the subscription File pages
C	2026-09-21	11	bin/transfer/reports/duration-longest.sh	Longest Files: an End Time column, the Size column is gone
C	2026-09-21	12	bin/transfer/reports/expired.sh	Expired: default sorts + the first 5 CoreIds open their File page
C	2026-09-21	12	bin/transfer/reports/failed.sh	Expired: default sorts + the first 5 CoreIds open their File page
C	2026-09-21	13	bin/transfer/reports/expired.sh	Expired: an Expired cell opens the subscription's expired Files page
C	2026-09-21	14	bin/transfer/reports/failed.sh	Drill-downs: the first File of a red / orange cell links its File page
C	2026-09-21	15	bin/transfer/reports/failed.sh	Failed Subscriptions: the last column is "CoreID / SessionID"
C	2026-09-21	16	bin/transfer/reports/failed.sh	Failed reasons: "Unknown error" on a one-leg File reads One-legged
C	2026-09-21	17	bin/transfer/reports/failed.sh	Failed Subscriptions: Environment first, the CoreId of the last error last
C	2026-09-21	18	bin/analyses/reports/failing-reasons.sh	errors/ and files/ are one directory: files/
C	2026-09-21	18	bin/analyses/reports/file-search.sh	errors/ and files/ are one directory: files/
C	2026-09-21	18	bin/server/reports/io-errors.sh	errors/ and files/ are one directory: files/
C	2026-09-21	18	bin/transfer/reports/failed-files.sh	errors/ and files/ are one directory: files/
C	2026-09-21	18	bin/transfer/reports/failed.sh	errors/ and files/ are one directory: files/
C	2026-09-20	19	bin/analyses/reports/polling.sh	Polling: the Active column, second, as on the Subscriptions page
C	2026-09-19	20	bin/transfer/reports/expired.sh	Expired: the accounts table is a subscriptions table
C	2026-09-19	21	bin/transfer/reports/file-in-file-out.sh	File in - File out: the First seen / Last seen columns are gone
C	2026-09-19	22	bin/transfer/reports/file-in-file-out.sh	File in - File out lists out -> in handovers too: First, Second, Direction
C	2026-09-16	23	bin/transfer/reports/details.sh	Subscription pages: Latest OK / Latest Error as Features rows
C	2026-09-16	23	bin/transfer/reports/failed.sh	Subscription pages: Latest OK / Latest Error as Features rows
C	2026-09-16	24	bin/transfer/reports/details.sh	Subscription Latest files move to their own page docs/latest/
C	2026-09-15	25	bin/analyses/publish-insights.sh	Parse drops Files still under way instead of reading them In progress
C	2026-09-15	25	bin/transfer/reports/pirates.sh	Parse drops Files still under way instead of reading them In progress
C	2026-09-15	26	bin/analyses/publish-insights.sh	One-legged Files still under way read In progress, not Failed
C	2026-09-15	26	bin/transfer/reports/pirates.sh	One-legged Files still under way read In progress, not Failed
C	2026-09-15	27	bin/analyses/reports/failing-reasons.sh	Goodies: Error reasons replaces Failed Subscriptions; Error reasons hides zero rows, total at the bottom
C	2026-09-15	28	bin/transfer/reports/entities.sh	Entities subscription pages: the Files Error count opens Failed files for that subscription and the active dates
C	2026-09-14	29	bin/analyses/reports/failing-reasons.sh	Error reasons: newest Last first by default, Total row right under the header
C	2026-09-14	30	bin/analyses/reports/failing-reasons.sh	Error reasons: every File in error per reason, with CoreId, Filename, colours and date fields
C	2026-09-14	31	bin/analyses/reports/failing-reasons.sh	Error reasons: one page, no buttons, counting every failed File
C	2026-09-14	32	bin/transfer/reports/failed-files.sh	Failed files: rows tinted with the standard subscription colours
C	2026-09-14	33	bin/analyses/reports/failing-reasons.sh	Error reasons: two pages on the Failed Subscriptions selection buttons, All and Subscription
C	2026-09-14	34	bin/transfer/reports/failed.sh	Failed files: a list of every File in error; the home Error cells open it narrowed to their day
C	2026-09-14	35	bin/transfer/reports/details.sh	Subscription detail pages: a Features "Status" row per reason the subscription is not active
C	2026-09-14	36	bin/analyses/reports/hosts-overview.sh	Partners - Outgoing: Files as one column band (In · Out · Error); Delivered, Last error, Polls, Poll pattern, Connection problems dropped
C	2026-09-13	37	bin/analyses/reports/partners-in.sh	Partners - Incoming: drop six columns, fold Bad key + Key failures + Auth failed into Auth Failed
C	2026-09-13	38	bin/analyses/reports/fe-overview.sh	Partners - Incoming (analyses/partners-in.html): FE overview + the Incoming logon funnel on one page
C	2026-09-13	39	bin/analyses/reports/polling.sh	Polling: UC3 only, cron columns second and third, OK/Error dropped; Subscriptions gets Cron expression + Schedule
C	2026-09-13	40	bin/transfer/reports/month-stats.sh	analyses/subscriptions.html: one row per subscription, all-time File counts, Endpoint, From and To
C	2026-09-13	41	bin/transfer/reports/entities.sh	site: no intro / note prose on the report pages — it lives on the help pages; the finder shows the DESC
C	2026-09-13	42	bin/transfer/reports/entities.sh	entities: hide an empty Retry / Resubmit or State group in the browser too
C	2026-09-13	43	bin/transfer/reports/entities.sh	entities: the grouped layout IS the Entities layout — entities2 renamed to entities, the classic pages gone
C	2026-09-13	44	bin/transfer/reports/entities2.sh	entities2: the Transfers group after Volume
C	2026-09-13	45	bin/transfer/reports/duration-longest.sh	longest files: delivered (Processed) Files only — no Failed, Expired or Waiting, no All view
C	2026-09-13	46	bin/transfer/reports/entities2.sh	entities2: the Duration cells drill to the 10 newest Files at or above the percentile
C	2026-09-13	47	bin/transfer/reports/entities2.sh	entities2: hide an empty Retry / Resubmit or State group on a view
C	2026-09-13	48	bin/transfer/reports/entities2.sh	entities2: p100 (the longest) as the fourth Duration column
C	2026-09-13	49	bin/transfer/reports/entities2.sh	entities2: the display rules — order, names, whole units, s/m/h/d tinted durations, blanks, total last
C	2026-09-13	50	bin/transfer/reports/entities2.sh	entities2: the Duration percentiles follow the date period selection
C	2026-09-13	51	bin/transfer/reports/entities2.sh	entities2: a Duration group (p90 · p95 · p99) after Volume
C	2026-09-13	52	bin/transfer/reports/protocol.sh	protocol & security: one Transfers column (the OK legs) instead of the Ok / Error pair
C	2026-09-13	52	bin/transfer/reports/security-params.sh	protocol & security: one Transfers column (the OK legs) instead of the Ok / Error pair
C	2026-09-13	53	bin/transfer/reports/arrived-left.sh	patterns: one Files column (the delivered count) instead of the Ok / Error pair
C	2026-09-13	53	bin/transfer/reports/legs-count.sh	patterns: one Files column (the delivered count) instead of the Ok / Error pair
C	2026-09-13	53	bin/transfer/reports/protocol-journey.sh	patterns: one Files column (the delivered count) instead of the Ok / Error pair
C	2026-09-13	54	bin/transfer/reports/day.sh	activity: one Files column (the delivered count) instead of the Ok / Error pair
C	2026-09-13	54	bin/transfer/reports/hourly.sh	activity: one Files column (the delivered count) instead of the Ok / Error pair
C	2026-09-13	54	bin/transfer/reports/weekday.sh	activity: one Files column (the delivered count) instead of the Ok / Error pair
C	2026-09-13	54	bin/transfer/reports/weekly.sh	activity: one Files column (the delivered count) instead of the Ok / Error pair
C	2026-09-13	55	bin/transfer/reports/duration.sh	duration: the percentiles and min/avg/max per-day tables side by side on one page
C	2026-09-13	56	bin/transfer/reports/account.sh	entities: Retry and Resubmit cells drill to their 10 most recent Files, like OK and Error
C	2026-09-13	56	bin/transfer/reports/login.sh	entities: Retry and Resubmit cells drill to their 10 most recent Files, like OK and Error
C	2026-09-13	56	bin/transfer/reports/pda-entities.sh	entities: Retry and Resubmit cells drill to their 10 most recent Files, like OK and Error
C	2026-09-13	56	bin/transfer/reports/remote-host.sh	entities: Retry and Resubmit cells drill to their 10 most recent Files, like OK and Error
C	2026-09-13	56	bin/transfer/reports/subscription.sh	entities: Retry and Resubmit cells drill to their 10 most recent Files, like OK and Error
C	2026-09-12	57	bin/analyses/reports/file-search.sh	docs: the search pages move to docs/search/ (search.html + the six file-search pages)
C	2026-09-12	58	bin/transfer/reports/recovered-files.sh	recovered files: Retry / Resubmit split in every table and two STAT boxes
C	2026-09-12	59	bin/server/reports/went-kaput.sh	server error after last transfer: compare against the transfer's END, not its start
C	2026-09-12	59	bin/transfer/reports/details.sh	server error after last transfer: compare against the transfer's END, not its start
C	2026-09-12	60	bin/server/reports/could-not-send.sh	Server reports "Publish to account failed" and "Post client action error" — the AR-line lists share one body
C	2026-09-12	61	bin/transfer/reports/failed.sh	Failure reason "Connection dropped mid-transfer" reads "Unknown error"
C	2026-09-12	62	bin/server/reports/went-kaput.sh	Server errors on a shared host: the line's session names the subscription — never the siblings
C	2026-09-12	63	bin/server/reports/could-not-send.sh	Failure reasons: "Could not send to CFT" and "Publish to account failed" both read "Duplicate file"
C	2026-09-12	64	bin/transfer/reports/details.sh	Subscription detail pages: the after-last-transfer banner shows its server log line and drops the verdict prose above it
C	2026-09-12	65	bin/transfer/reports/account.sh	Entities: Cured becomes Retry · Resubmit — the Top view's Automatic / Manual split per entity
C	2026-09-12	65	bin/transfer/reports/login.sh	Entities: Cured becomes Retry · Resubmit — the Top view's Automatic / Manual split per entity
C	2026-09-12	65	bin/transfer/reports/pda-entities.sh	Entities: Cured becomes Retry · Resubmit — the Top view's Automatic / Manual split per entity
C	2026-09-12	65	bin/transfer/reports/remote-host.sh	Entities: Cured becomes Retry · Resubmit — the Top view's Automatic / Manual split per entity
C	2026-09-12	65	bin/transfer/reports/subscription.sh	Entities: Cured becomes Retry · Resubmit — the Top view's Automatic / Manual split per entity
C	2026-09-12	66	bin/transfer/reports/recovered-files.sh	Top view: Recovered (Automatic · Manual) and Resubmit (Ok · Failed) are column groups of the per-day table, beside Files, Transfers and State
C	2026-09-12	66	bin/transfer/reports/topview.sh	Top view: Recovered (Automatic · Manual) and Resubmit (Ok · Failed) are column groups of the per-day table, beside Files, Transfers and State
C	2026-09-12	67	bin/transfer/reports/recovered-files.sh	Top view: Recovered leaves the Files band; per-day Recovered (Automatic · Manual) and Resubmit (Ok · Failed) tables beside each other
C	2026-09-12	67	bin/transfer/reports/resubmissions.sh	Top view: Recovered leaves the Files band; per-day Recovered (Automatic · Manual) and Resubmit (Ok · Failed) tables beside each other
C	2026-09-12	67	bin/transfer/reports/topview.sh	Top view: Recovered leaves the Files band; per-day Recovered (Automatic · Manual) and Resubmit (Ok · Failed) tables beside each other
C	2026-09-11	68	bin/analyses/reports/cleanup-backlog.sh	One repo = one environment (2/n): flatten the pipeline — input/, data/, docs/ without the environment level
C	2026-09-11	68	bin/analyses/reports/fe-overview.sh	One repo = one environment (2/n): flatten the pipeline — input/, data/, docs/ without the environment level
C	2026-09-11	68	bin/analyses/reports/skipped.sh	One repo = one environment (2/n): flatten the pipeline — input/, data/, docs/ without the environment level
C	2026-09-11	68	bin/server/reports/pickups.sh	One repo = one environment (2/n): flatten the pipeline — input/, data/, docs/ without the environment level
C	2026-09-11	68	bin/server/reports/went-kaput.sh	One repo = one environment (2/n): flatten the pipeline — input/, data/, docs/ without the environment level
C	2026-09-10	69	bin/transfer/reports/account.sh	Entities pages: Cured column between OK and Error
C	2026-09-10	69	bin/transfer/reports/login.sh	Entities pages: Cured column between OK and Error
C	2026-09-10	69	bin/transfer/reports/pda-entities.sh	Entities pages: Cured column between OK and Error
C	2026-09-10	69	bin/transfer/reports/remote-host.sh	Entities pages: Cured column between OK and Error
C	2026-09-10	69	bin/transfer/reports/subscription.sh	Entities pages: Cured column between OK and Error
C	2026-09-10	70	bin/transfer/reports/failed.sh	Error reason "Connection dropped mid-transfer" from the error bookend
C	2026-09-09	71	bin/transfer/reports/failed.sh	Settled by bookend: a Failed File the server log ends OK reads Processed; the JSON bookends stay in the cache
C	2026-09-09	72	bin/transfer/reports/failed.sh	Drill pages: the legs table in chronological order
C	2026-09-08	73	bin/analyses/reports/skipped.sh	Parse: drop the empty outbound ssh probes (one Outbound ssh 0-byte record, Application none)
C	2026-09-08	74	bin/server/reports/logon.sh	Logon funnel: Re-screens moved to the last column of Incoming
C	2026-09-06	75	bin/transfer/reports/duration.sh	Duration: a p100 column on the Percentage view
C	2026-09-06	76	bin/transfer/reports/duration-longest.sh	Longest Files: every listed File gets a File page — the one-hour threshold dropped
C	2026-09-06	76	bin/transfer/reports/failed.sh	Longest Files: every listed File gets a File page — the one-hour threshold dropped
C	2026-09-06	77	bin/server/reports/error-reasons.sh	IO errors: a server report for "IO Error reading file /data/FlowManager/<account>@<login>/<file>"
C	2026-09-06	77	bin/server/reports/failure-flows.sh	IO errors: a server report for "IO Error reading file /data/FlowManager/<account>@<login>/<file>"
C	2026-09-06	78	bin/analyses/reports/fe-overview.sh	Logon funnel: session-aware Re-screens and Session errors columns
C	2026-09-06	78	bin/server/reports/logon.sh	Logon funnel: session-aware Re-screens and Session errors columns
C	2026-09-06	79	bin/transfer/reports/failed.sh	failed.sh: the evidence sidecar's previous-line tracker sits right after the E/W rule
C	2026-09-06	80	bin/server/reports/error-reasons.sh	Error reason: a bare "Permission denied" after "Deleting remote file" is "Delete remote file failed"
C	2026-09-06	80	bin/transfer/reports/failed.sh	Error reason: a bare "Permission denied" after "Deleting remote file" is "Delete remote file failed"
C	2026-09-05	81	bin/analyses/reports/triage.sh	Triage: Volume in window and At expiry risk are two columns (audit F09)
C	2026-09-05	82	bin/analyses/reports/cleanup-backlog.sh	Cleanup backlog reads the SKIP-filtered export like every other report (audit F06)
C	2026-09-05	83	bin/transfer/reports/anomalies.sh	Anomalies: Typical shows the comparison baseline; an episode reports one hour (audit F07)
C	2026-09-05	84	bin/analyses/reports/uc-status.sh	UC status: the merged introduction had UC1 and UC4 reversed (audit F04)
C	2026-09-05	85	bin/analyses/reports/polling.sh	Observed slot: the first and the last active day left out; the ↺ hotspot kept out of the CSV header
C	2026-09-05	85	bin/analyses/reports/uc3-polling.sh	Observed slot: the first and the last active day left out; the ↺ hotspot kept out of the CSV header
C	2026-09-05	85	bin/server/reports/remote-poll.sh	Observed slot: the first and the last active day left out; the ↺ hotspot kept out of the CSV header
C	2026-09-05	86	bin/analyses/reports/polling.sh	Polling: Schedule column moved behind Failure lines
C	2026-09-05	87	bin/analyses/reports/polling.sh	Polling: bare table — intro, boxes and the Status / Files / Last file / Last log / Active days / First / Last columns removed
C	2026-09-05	88	bin/analyses/reports/polling.sh	Polling: the UC3 status columns join the flat table
C	2026-09-05	89	bin/analyses/reports/uc3-polling.sh	Polling: the flat one-table page replacing Remote polls + Cronjobs, at the old Cronjobs slot
C	2026-09-05	90	bin/server/reports/deploy-errors.sh	deploy-errors: the row is the subscription the ARSP0001 line names, not its account
C	2026-09-05	91	bin/server/reports/no-remote-dir.sh	no-remote-dir: show why a row is still open — the error time and both recovery stamps
C	2026-09-05	92	bin/transfer/reports/anomalies.sh	anomalies: the Files and Error columns leave both tables
C	2026-09-05	93	bin/server/reports/went-kaput.sh	result/went-kaput: a connected-ring line that names a flow never reddens its siblings
C	2026-09-05	94	bin/transfer/reports/duration.sh	duration-slowest: the slowest subscriptions (top 25 by p95) on their own Performance page
C	2026-09-05	95	bin/transfer/reports/anomalies.sh	anomalies: the Daily and Hourly tables side by side
C	2026-09-05	96	bin/server/reports/went-kaput.sh	result: a UC3 connection failure reds the flow only after three failed polls in a row
C	2026-09-04	97	bin/analyses/reports/fe-overview.sh	analyses/fe-overview: Logon problems as one number
C	2026-09-04	98	bin/analyses/reports/fe-overview.sh	analyses/fe-overview: a Logon problems column from the Incoming funnel
C	2026-09-04	98	bin/server/reports/logon.sh	analyses/fe-overview: a Logon problems column from the Incoming funnel
C	2026-09-04	99	bin/server/reports/logon.sh	server/logon: an unconfigured No-account name is a door knocker
N	2026-08-30	0	bin/server/reports/transfer-site-missing.sh	
N	2026-08-30	0	bin/analyses/reports/failing-reasons.sh	
N	2026-09-05	0	bin/transfer/reports/duration-slowest.sh	
N	2026-08-30	0	bin/analyses/reports/partner-lifecycle.sh	
N	2026-09-13	0	bin/transfer/reports/entities2.sh	
N	2026-08-30	0	bin/transfer/reports/duration.sh	
N	2026-08-30	0	bin/server/reports/no-remote-files.sh	
N	2026-08-30	0	bin/server/reports/failure-flows.sh	
N	2026-08-30	0	bin/analyses/reports/entity-coverage.sh	
N	2026-08-30	0	bin/analyses/reports/app-partners.sh	
N	2026-08-30	0	bin/transfer/reports/top-transfers.sh	
N	2026-08-30	0	bin/analyses/reports/triage.sh	
N	2026-08-30	0	bin/server/reports/pickups.sh	
N	2026-08-30	0	bin/analyses/publish-insights.sh	
N	2026-09-03	0	bin/transfer/reports/duration-distribution.sh	
N	2026-08-30	0	bin/transfer/reports/security-params.sh	
N	2026-08-30	0	bin/transfer/reports/merge-volume.sh	
N	2026-08-30	0	bin/analyses/reports/uc4-status.sh	
N	2026-08-30	0	bin/analyses/reports/twins.sh	
N	2026-08-30	0	bin/transfer/reports/topview.sh	
N	2026-08-30	0	bin/transfer/reports/only-red.sh	
N	2026-08-30	0	bin/server/reports/ssh-crypto.sh	
N	2026-08-30	0	bin/analyses/reports/seen-in-server-log.sh	
N	2026-08-30	0	bin/transfer/reports/route-throughput.sh	
N	2026-08-30	0	bin/transfer/reports/file-in-file-out.sh	
N	2026-08-30	0	bin/server/reports/went-kaput.sh	
N	2026-09-06	0	bin/server/reports/io-errors.sh	
N	2026-08-30	0	bin/transfer/reports/remote-host.sh	
N	2026-08-30	0	bin/transfer/reports/expected-arrival.sh	
N	2026-08-30	0	bin/server/reports/ssh-sessions.sh	
N	2026-08-30	0	bin/transfer/reports/recovered.sh	
N	2026-08-30	0	bin/transfer/reports/missing-cronjobs.sh	
N	2026-08-30	0	bin/transfer/reports/security-outreach.sh	
N	2026-08-30	0	bin/analyses/reports/account-sharing.sh	
N	2026-08-30	0	bin/server/reports/error-timing.sh	
N	2026-08-30	0	bin/analyses/reports/home.sh	
N	2026-08-30	0	bin/server/reports/auth-activity.sh	
N	2026-09-13	0	bin/transfer/reports/month-stats.sh	
N	2026-08-30	0	bin/transfer/reports/account.sh	
N	2026-08-30	0	bin/server/reports/logon.sh	
N	2026-08-30	0	bin/transfer/reports/ranking.sh	
N	2026-08-30	0	bin/server/reports/scheduler-overruns.sh	
N	2026-08-30	0	bin/server/reports/missing-entities.sh	
N	2026-09-14	0	bin/server/reports/event-queue.sh	
N	2026-08-30	0	bin/analyses/reports/data-diff.sh	
N	2026-08-30	0	bin/transfer/reports/files.sh	
N	2026-08-30	0	bin/server/reports/ssh-key-auth.sh	
N	2026-08-30	0	bin/server/reports/connection-diagnostics.sh	
N	2026-09-05	0	bin/analyses/reports/polling.sh	
N	2026-08-30	0	bin/analyses/reports/cleanup-backlog.sh	
N	2026-08-30	0	bin/server/reports/cluster-health.sh	
N	2026-09-03	0	bin/transfer/reports/duration-longest.sh	
N	2026-08-30	0	bin/analyses/reports/first-seen.sh	
N	2026-08-30	0	bin/transfer/reports/protocol-journey.sh	
N	2026-08-30	0	bin/transfer/reports/pda-entities.sh	
N	2026-08-30	0	bin/transfer/reports/failed.sh	
N	2026-08-30	0	bin/transfer/reports/arrived-left.sh	
N	2026-09-13	0	bin/analyses/reports/hosts-overview.sh	
N	2026-08-30	0	bin/transfer/reports/pirates.sh	
N	2026-08-30	0	bin/server/reports/errors-day.sh	
N	2026-08-30	0	bin/server/reports/site-failures.sh	
N	2026-09-12	0	bin/server/reports/publish-failed.sh	
N	2026-09-12	0	bin/server/reports/post-client-action.sh	
N	2026-09-13	0	bin/analyses/reports/partners-in.sh	
N	2026-08-30	0	bin/transfer/reports/attempts.sh	
N	2026-08-30	0	bin/server/reports/stuck-events.sh	
N	2026-08-30	0	bin/server/reports/platform-health.sh	
N	2026-08-30	0	bin/transfer/reports/waiting.sh	
N	2026-09-14	0	bin/transfer/reports/uc4-to-uc2.sh	
N	2026-08-30	0	bin/transfer/reports/merge-went-quiet.sh	
N	2026-09-02	0	bin/analyses/reports/fe-status.sh	
N	2026-08-30	0	bin/transfer/reports/went-quiet.sh	
N	2026-08-30	0	bin/server/reports/connections.sh	
N	2026-09-12	0	bin/server/reports/could-not-send.sh	
N	2026-08-30	0	bin/transfer/reports/size-profile.sh	
N	2026-08-30	0	bin/transfer/reports/activity.sh	
N	2026-08-30	0	bin/server/reports/error-reasons.sh	
N	2026-08-30	0	bin/transfer/reports/file-journey.sh	
N	2026-08-30	0	bin/transfer/reports/anomalies.sh	
N	2026-08-30	0	bin/analyses/reports/file-search.sh	
N	2026-08-30	0	bin/analyses/reports/blast-radius.sh	
N	2026-09-14	0	bin/transfer/reports/same-protocol.sh	
N	2026-08-30	0	bin/server/reports/unknown-entities.sh	
N	2026-08-30	0	bin/transfer/reports/recovered-files.sh	
N	2026-08-30	0	bin/transfer/reports/hourly.sh	
N	2026-08-30	0	bin/transfer/reports/resubmissions.sh	
N	2026-08-30	0	bin/transfer/reports/from-green-to-red.sh	
N	2026-08-30	0	bin/transfer/reports/details.sh	
N	2026-08-30	0	bin/analyses/reports/uc-status.sh	
N	2026-08-30	0	bin/server/reports/remote-poll.sh	
N	2026-09-05	0	bin/transfer/reports/merge-duration-dwell.sh	
N	2026-08-30	0	bin/transfer/reports/retry.sh	
N	2026-08-30	0	bin/analyses/reports/entity-search.sh	
N	2026-08-30	0	bin/server/reports/deploy-errors.sh	
N	2026-08-30	0	bin/transfer/reports/duration-trend.sh	
N	2026-08-30	0	bin/analyses/reports/skipped.sh	
N	2026-08-30	0	bin/analyses/reports/cross-reference.sh	
N	2026-08-30	0	bin/transfer/reports/punctuality.sh	
N	2026-08-30	0	bin/transfer/reports/incoming-connections.sh	
N	2026-08-30	0	bin/transfer/reports/day.sh	
N	2026-08-30	0	bin/server/reports/logons.sh	
N	2026-08-30	0	bin/transfer/reports/weekly.sh	
N	2026-08-30	0	bin/transfer/reports/patterns.sh	
N	2026-08-30	0	bin/analyses/reports/uc2-status.sh	
N	2026-08-30	0	bin/transfer/reports/showseen.sh	
N	2026-08-30	0	bin/server/reports/top-messages.sh	
N	2026-08-30	0	bin/analyses/reports/uc3-status.sh	
N	2026-08-30	0	bin/analyses/reports/coverage.sh	
N	2026-08-30	0	bin/transfer/reports/duplicate-files.sh	
N	2026-08-30	0	bin/server/reports/config-defects.sh	
N	2026-08-30	0	bin/analyses/reports/uc2-visits.sh	
N	2026-08-30	0	bin/transfer/reports/stale-accounts.sh	
N	2026-08-30	0	bin/server/reports/no-remote-dir.sh	
N	2026-08-30	0	bin/transfer/reports/login.sh	
N	2026-08-30	0	bin/transfer/reports/legs-count.sh	
N	2026-08-30	0	bin/transfer/reports/expired.sh	
N	2026-08-30	0	bin/server/reports/ssh-security.sh	
N	2026-08-30	0	bin/server/reports/file-cleanup.sh	
N	2026-09-14	0	bin/transfer/reports/failed-files.sh	
N	2026-08-30	0	bin/transfer/reports/volume.sh	
N	2026-08-30	0	bin/transfer/reports/trend.sh	
N	2026-08-30	0	bin/transfer/reports/failure-heatmap.sh	
N	2026-08-30	0	bin/transfer/reports/weekday.sh	
N	2026-08-30	0	bin/transfer/reports/retries.sh	
N	2026-08-30	0	bin/transfer/reports/protocol.sh	
N	2026-08-30	0	bin/transfer/reports/connection-efficiency.sh	
N	2026-08-30	0	bin/transfer/reports/failure-rate.sh	
N	2026-08-30	0	bin/server/reports/errors.sh	
N	2026-08-30	0	bin/analyses/reports/sources-and-targets.sh	
N	2026-08-30	0	bin/transfer/reports/size-dist.sh	
N	2026-08-30	0	bin/transfer/reports/not-in-flow-manager.sh	
N	2026-08-30	0	bin/transfer/reports/episodes.sh	
N	2026-08-30	0	bin/transfer/reports/dwell-time.sh	
N	2026-08-30	0	bin/transfer/reports/subscription.sh	
N	2026-08-30	0	bin/transfer/reports/av-scan.sh	
N	2026-08-30	0	bin/analyses/reports/partner-scorecard.sh	
N	2026-09-02	0	bin/analyses/reports/fe-overview.sh	
N	2026-09-05	0	bin/analyses/reports/uc3-polling.sh	
N	2026-08-30	0	bin/server/reports/capacity.sh	
N	2026-08-30	0	bin/analyses/reports/uc1-status.sh	
N	2026-08-30	0	bin/transfer/reports/file-type.sh	
N	2026-08-30	0	bin/server/reports/pesit.sh	
N	2026-08-30	0	bin/server/reports/inbound-connections.sh	
