005e3b1b-9f0c-4e71-9447-572bdc42899e	UC3_FIN_LEDGER_GLOBEX	FIN_LEDGER_GLOBEX
00dddc00-9449-47e3-9dad-0a9dfb7e1753	UC3_IT_RECON_HOOLI	IT_RECON_HOOLI
01978a38-74ec-4438-b7fa-c7519d908852	UC1_IT_ARCHIVE_INITECH	IT_ARCHIVE_INITECH
01b0cfdc-93bb-4db9-818e-3b8a13ab5bdf	UC1_FIN_LEDGER_GLOBEX	FIN_LEDGER_GLOBEX
024bc770-a009-4ef8-9cd5-253de6866c21	UC3_APS_FMGENLOG_CYBERDYNE	APS_FMGENLOG_CYBERDYNE
02efaf9d-a120-4593-a31c-484333e4e506	UC4_AB_SCAN_MONARCH	AB_SCAN_MONARCH
0378cc13-0128-40f3-a347-3761d15fe9e5	UC2_ZK_ARIVA_OSCORP	ZK_ARIVA_OSCORP
08af3223-b594-4189-a88d-943fe7673292	UC4_WA_ZKA_ABSTERGO	WA_ZKA_ABSTERGO
09a294ba-7dd7-4ae9-96f6-009d5c794a84	UC3_FS_SAPBODS_PRIMATECH_I	FS_SAPBODS_PRIMATECH_I
0a00bca7-81c9-4e87-aec7-96f9b8ed0527	UC4_FIN_PORTAL_DUFF	FIN_PORTAL_DUFF
0f23db9f-d5fa-4405-9330-0b4e518b8fa2	UC1_IT_LEDGER_HOOLI	IT_LEDGER_HOOLI
0ff2f9af-6fb1-4f8d-ad99-19bb482f2cc6	UC3_APS_SETTLE_P2P2	APS_SETTLE_P2P2
10a089f1-3b95-4c9f-a27b-162e44817335	UC2_AB_EKDSI_STARK	AB_EKDSI_STARK
1269e6e1-c749-497c-b224-8b47226fe0bd	UC3_ODV_MERLIJN_SABRE_I	ODV_MERLIJN_SABRE_I
1350ec6b-7c7d-4f7f-b636-691b8e7208bc	UC4_ZK_MIAZ_INITECH	ZK_MIAZ_INITECH
18cd4fc5-157f-4710-8c70-41eea81ba362	UC3_AB_EXPORT_WAYNE	AB_EXPORT_WAYNE
1a0d7442-abf2-4ba7-bfcd-ebccb1f54e94	UC4_HR_PENSION_OSCORP	HR_PENSION_OSCORP
1b18f8d0-263b-416c-8f7c-92bdd7e10105	UC3_FIN_FACTS_MASSIVE	FIN_FACTS_MASSIVE
1b191f7a-90ca-4c2a-84f5-0c2eb5d5bc3c	UC1_APS_STREAM_SOYLENT	APS_STREAM_SOYLENT
1c717936-080b-4474-a046-a41c4a82c260	UC3_FIN_NAS_VANDELAY	FIN_NAS_VANDELAY
1ed8f88b-74ca-4b0c-b677-f341472de92a	UC2_IT_EKDSI_CYBERDYNE	IT_EKDSI_CYBERDYNE
2455897b-eee6-4738-bd89-c68ac8cfb94a	UC4_APS_COSMOS_GLOBEX	APS_COSMOS_GLOBEX
2a1787bd-a7c5-4a0b-a5ba-c5d4ea010862	UC4_FS_STMT_APERTURE_IN	FS_STMT_APERTURE_IN
2a2b7d11-1b0c-4d2d-bb6a-2cf88f6cfc48	UC1_CD_PRINTMGMT_WONKA	CD_PRINTMGMT_WONKA
2bea2cfe-035d-4ec6-81b4-b4cceb803ed9	UC4_ZG_CIVIL_DUNDER	ZG_CIVIL_DUNDER
2e3b23fe-0f63-4608-8017-93b698e523d8	UC1_FIN_TREASURY_GEKKO	FIN_TREASURY_GEKKO
2e727c3f-1ed8-4f88-9b0c-f52d6774f341	UC4_IT_EKDSI_CYBERDYNE	IT_EKDSI_CYBERDYNE
2f9a4ba2-82be-4a85-aeff-758ef01cfe5a	UC1_FS_PENSION_DUNDER	FS_PENSION_DUNDER
2fff1697-428a-4784-9186-b4178a183dd6	UC1_IT_HEARTBEAT_INITECH	IT_HEARTBEAT_INITECH
3266cdaa-75e9-416b-aaa3-1d3472e27232	UC4_ZG_BULK_DUNDER	ZG_BULK_DUNDER
326dc7b9-681a-4a2f-b8be-0b590664c66f	UC1_ODV_RISK_TYRELL	ODV_RISK_TYRELL
32788f29-e592-404e-8cca-d2ea00ef7d5e	UC3_IT_FACTS_HOOLI	IT_FACTS_HOOLI
32d5624f-6ab6-4d41-95f8-0772dc2bc613	UC1-INFRA_ST-MONITOR_INFRA	INFRA-MONITOR-UC1
35f4360c-89aa-400a-81cd-3ad5b4874175	UC2-INFRA_ST-MONITOR_INFRA	INFRA-MONITOR-UC2
38d411ce-2a39-441b-ba11-1d0c3889e49d	UC4_FS_IFRS_WAYNE	FS_IFRS_WAYNE
391209c9-a89e-42d4-bda1-6e398ce3bcd7	UC3-INFRA_ST-MONITOR_INFRA	INFRA-MONITOR-UC3
3ad3fa19-8870-4a75-bb86-36efb05350bb	UC3_APS_FMREPLERR_CYBERDYNE	APS_FMREPLERR_CYBERDYNE
3c31dd86-c792-459d-a975-a19d653f3839	UC4-INFRA_ST-MONITOR_INFRA	INFRA-MONITOR-UC4
3c86926f-c7f7-4615-a81d-80dc0cc7e0b7	UC4_IT_TDRS_BLUTH	IT_TDRS_BLUTH
3e413923-5fb8-439c-bd65-4fc8e0e76bc2	UC1_CD_BATCH_MASSIVE	CD_BATCH_MASSIVE
433c491d-19ef-4c37-a9a4-b28fef257caf	UC3_SI_TELEMETRY_STARK	SI_TELEMETRY_STARK
447f18d2-a532-491e-b090-2cd84fbb93a6	UC4_ODV_ARE_APERTURE	ODV_ARE_APERTURE
447f18d2-a532-491e-b090-2cd84fbb93a6	UC4_ODV_ARE_APERTURE2	ODV_ARE_APERTURE2
473528f0-bb07-4ffe-9579-e358ccfe3b5b	UC2_SI_SAPBHP_APERTURE	SI_SAPBHP_APERTURE
4ed2d2cc-58a7-4644-969b-681ffd74e18d	UC2_IT_SAPBHP_GEKKO	IT_SAPBHP_GEKKO
50fe84b8-4d38-4b32-a9dd-22795490f73e	UC3_ZK_IKAZ_BLACKMESA	ZK_IKAZ_BLACKMESA
5572dd22-074a-4910-90fe-970dfc1751a3	UC1_CB_MARKETING_WNK	CB_MARKETING_WNK
5612e387-e868-40f6-b61c-ff47c838d8ea	UC1_CD_COSMOS_WONKA	CD_COSMOS_WONKA
57c3f6e3-dc88-4817-adfe-beedbeb97aca	UC3_CD_QUOTES_STARK	CD_QUOTES_STARK
5aaba4ac-2d9c-48ec-90cf-8944d6a10cd5	UC1_ZG_DMS_PRIMATECH	ZG_DMS_PRIMATECH
5bc37ff4-98d7-4701-b438-b5bd8c932ffb	UC4_CD_INVOICE_VANDELAY	CD_INVOICE_VANDELAY
5d3aa9d8-e4fc-486f-82af-5a99016740aa	UC3_FS_SAPBODS_PRIMATECH_D	FS_SAPBODS_PRIMATECH_D
5e5e7450-61b3-43e7-833f-3d0c03561a02	UC3_ODV_EMIS_ZORG	ODV_EMIS_ZORG
64f4f740-a726-4f01-85f7-cbfa9f3b0522	UC4_SI_ROS_SABRE	SI_ROS_SABRE
664427fc-3e0a-4135-b765-3f0c5f07ea28	UC2_APS_VIDA_UMBRELLA	APS_VIDA_UMBRELLA
6688ab22-75cd-40e3-97f8-c2707fa0f67f	UC2_CD_ARIVA_DUNDER	CD_ARIVA_DUNDER
66d96705-a149-4e63-ac63-31bffa448680	UC2_DPL_POLIS_TYRELL	DPL_POLIS_TYRELL
67d35970-f636-453e-82c0-e4d59c8a2ed7	UC1_CD_INVOICE_VANDELAY	CD_INVOICE_VANDELAY
6bb7dcbe-6b22-4abf-9e98-6859d893ba08	UC1_SI_PORTAL_OSCORP	SI_PORTAL_OSCORP
6f4d6951-496b-43f2-9bcf-8227e2c25a8f	UC4_DPL_SCAN_CYBERDYNE	DPL_SCAN_CYBERDYNE
70e241bc-d12f-4953-a682-692faafe12d4	UC2_SI_VPS_VDN	SI_VPS_VDN
70fcd85b-6e8a-43b9-a643-c1dc941e4109	UC1_SYNT_ITP_APERTURE	SYNT_ITP_APERTURE
7306cf5a-3879-4a64-9cc7-3c33730149ad	UC1_DPL_AUDITLOG_DUNDER	DPL_AUDITLOG_DUNDER
73a58dfe-34a3-4e4d-b97a-d6876406f48c	UC1_ODV_DMS_CYBERDYNE	ODV_DMS_CYBERDYNE
73d9bc3b-f0d6-47c3-9e14-928da3e66410	UC1_FIN_CLAIMS_MONARCH	FIN_CLAIMS_MONARCH
740b91bf-c9bd-49b2-9a2d-23269ceda905	UC1_AIM_SAPPO_WONKA-PUO	AIM_SAPPO_WONKA-PUO
7524adc5-74b7-49af-b9fc-51fb6dea4637	UC3_APS_SETTLE_P2P1	APS_SETTLE_P2P1
76aaae86-ee43-4710-ad2f-952a17b83707	UC3_SYNT_NAS_TYRELL	SYNT_NAS_TYRELL
794e2536-343b-44a9-8cf0-8cefdf51711f	UC4_CDV_KRP-TDI_WONKA	CDV_KRP-TDI_WONKA
799fb71f-64e7-4b14-b8ba-5a3aac2f6e4c	UC3_AB_NAS_GLOBEX	AB_NAS_GLOBEX
7d91c2cd-4c68-474b-a7da-32483c3caeba	UC3_ZG_PGBMATCH_APERTURE	ZG_PGBMATCH_APERTURE
801e36b5-bc64-4817-ac96-28cb62ac1ead	UC2_CD_ARIVA_BLUTH	CD_ARIVA_BLUTH
814df507-c640-49e9-afdc-ee004dc36f71	UC4_AIM_LAKE_PIEDPIPER	AIM_LAKE_PIEDPIPER
82d6c792-4ed4-460b-a2ef-f879ea2cf15a	UC1_AB_PORTAL_ABSTERGO	AB_PORTAL_ABSTERGO
8aa3f0a6-2ce1-4754-aa8e-0b44c566ccde	UC3_CB_QUOTES_GEKKO	CB_QUOTES_GEKKO
917dc688-4286-488f-8159-9d4bc14b5184	UC1_IT_BILLING_BLUTH	IT_BILLING_BLUTH
949e40f1-9d60-43fc-a21c-5f7d19c78503	UC3_CDV_STREAM_ABSTERGO	CDV_STREAM_ABSTERGO
971792b2-1a00-4365-911a-d0e83774ccea	UC4_CB_ISOLATED_SOYLENT	CB_ISOLATED_SOYLENT
971792b2-1a00-4365-911a-d0e83774ccea	UC4_CB_ISOLATED_SOYLENT2	CB_ISOLATED_SOYLENT2
98680656-21e1-4473-8dac-f83bed3c064a	UC3_IT_DISPATCH_INITECH	IT_DISPATCH_INITECH
98700813-4343-40fb-9d54-2ba2d32e712c	UC1_IT_CRM_STARK	IT_CRM_STARK
9abdf464-d744-4e9b-8375-427e94e15e9d	UC2_ODV_MAIA_PIEDPIPER	ODV_MAIA_PIEDPIPER
a09f2db3-548b-478a-8a7c-6fda8ee83060	UC1_CDV_STREAM_DUFF	CDV_STREAM_DUFF
a17cf4a1-86ce-4436-b65a-af44c5bba8ec	UC3_APS_SYSHUB_SOYLENT	APS_SYSHUB_SOYLENT
a4f10691-46a6-4524-aed6-ef8801180135	UC1_FS_MORTGAGE_SABRE	FS_MORTGAGE_SABRE
a50cd168-28f6-4501-96cb-03ee09ec6fb3	UC4_IT_ARCHIVE_ZORG	IT_ARCHIVE_ZORG
a7c5a0b4-b66b-45ba-bea0-086292870aa4	UC2_FS_STMT_APERTURE	FS_STMT_APERTURE
a9a9cde4-6d07-40b1-a64f-fa868a9283bf	UC3_DPL_STREAM_UMBRELLA	DPL_STREAM_UMBRELLA
aebe4aa7-424a-4312-bf6e-d7d2374a10e3	UC3_HR_AFAS_GEKKO	HR_AFAS_GEKKO
b44e79a6-881f-4bc8-af43-6d9826ef29da	UC2_IT_MAIA_SOYLENT	IT_MAIA_SOYLENT
b9f4465d-be29-497b-851e-7f6cbd816f7a	UC2_HR_MATCH_VANDELAY	HR_MATCH_VANDELAY
be68bafe-a73b-4234-9a94-1e10d473e1f4	UC1_HR_ARCHIVE_ZORG	HR_ARCHIVE_ZORG
be9fe61b-0924-4302-b913-20f4acab3120	UC4_AB_TDRS_PRIMATECH	AB_TDRS_PRIMATECH
becee2e5-2d67-4f84-bd36-70c1bcae4e9e	UC2_WA_VDN	WA_VDN
c1ef5f20-5cf9-40a5-8396-abbcf0b8f43b	UC4_ZK_SENSOR_SOYLENT	ZK_SENSOR_SOYLENT
c4db31d0-5218-4ca4-92ce-52da887f6fb4	UC1_AB_POLIS_UMBRELLA	AB_POLIS_UMBRELLA
c5f2a083-2e3f-4653-899d-3925b53e2dde	UC1_FIN_BILLING_GLOBEXX	FIN_BILLING_GLOBEXX
c6c21d6f-91b8-4018-9a62-1f070bbb5266	UC3_FS_SAPBODS_PRIMATECH_M	FS_SAPBODS_PRIMATECH_M
c7473d90-f19b-406d-a6bb-1dcad0a27089	UC1_ZK_CLAIMS_BLACKMESA	ZK_CLAIMS_BLACKMESA
c8832546-392b-44fc-b55f-5ca6ad1d7ca0	UC1_APS_RISK_TYRELL	APS_RISK_TYRELL
c9d48fea-8493-4f44-a76b-2b791be3edf3	UC4_DPL_RENSEI_SOYLENT	DPL_RENSEI_SOYLENT
cbb37f22-ca23-4cee-92f6-a2cbf4c4890f	UC4_CD_ZIBA_GEKKO	CD_ZIBA_GEKKO
cce1e674-ee62-4843-b816-52920250d455	UC2_ZG_MATCH_HOOLI	ZG_MATCH_HOOLI
ce6446e3-e23b-4920-b343-b099358cb1bf	UC2_CD_ARIVA_SABRE	CD_ARIVA_SABRE
cee54dc3-60d0-4fba-8b58-d9efff09d1d6	UC3_AIM_QUOTES_WONKA	AIM_QUOTES_WONKA
d125db3e-d030-422c-b488-8298d9089ec9	UC4_HR_LAKE_BLACKMESA	HR_LAKE_BLACKMESA
d7fba138-828c-4bf6-a449-78f544075f00	UC1_FIN_BILLING_GLOBEX	FIN_BILLING_GLOBEX
d858a18b-ae55-46f3-a9ca-54deca4056ca	UC3_WA_TELEMATICS_MONARCH	WA_TELEMATICS_MONARCH
dac5e8ef-a86a-404e-834e-a9d366e16def	UC1_APS_TELEM_GEKKO	APS_TELEM_GEKKO
dc05ccc6-ea6f-4306-a9dc-2bbc73a42b9c	UC1_APS_INVOICE_STARK	APS_INVOICE_STARK
e2fc207c-ae5d-480d-8c44-52252766d21c	UC1_AB_HRDATA_WEYLAND	AB_HRDATA_WEYLAND
e3b87025-bdf5-431f-8430-91fd985b808d	UC4_WA_SENSOR_STARK	WA_SENSOR_STARK
e479daec-c005-4b28-a6e6-d8f4ad052991	UC1_WA_CRM_PIEDPIPER	WA_CRM_PIEDPIPER
e790ac93-fc0b-45e6-a060-f7ac7becc882	UC2_CB_VIDA_WAYNE	CB_VIDA_WAYNE
e9000676-2ebc-44f6-84c3-6a63c89e35fd	UC3_ZG_IKAZ_BLUTH	ZG_IKAZ_BLUTH
e9d05f25-b5d1-4cc6-b401-6fca51d315cf	UC1_WA_BATCH_WAYNE	WA_BATCH_WAYNE
e9e0a6cc-ad02-4975-a252-24c0db2ff898	UC1_HR_PAYROLL_INITECH	HR_PAYROLL_INITECH
ee6cf5c1-8aeb-4826-a125-c363b2904019	UC5_CB_STARK_WAYNE	CB_STARK_WAYNE
f180208f-b46a-4a2e-b681-9e7bc56f0de1	UC1_AB_CLAIMS_UMBRELLA	AB_CLAIMS_UMBRELLA
f286543f-353c-40d3-919a-c9901eaf82cd	UC3_AB_CREDITREG_WEYLAND	AB_CREDITREG_WEYLAND
f3bb7a9a-52eb-4ee3-b830-15e6dc937555	UC1_ZG_PENSION_HOOLI	ZG_PENSION_HOOLI
f4b5c690-57ac-4df3-957d-82520374f016	UC8_ZG_HOOLI_GEKKO	ZG_HOOLI_GEKKO
f8342b64-c409-43d7-afd8-3ef28b6e1437	UC3_CDV_STREAM_DUFF_I	CDV_STREAM_DUFF_I
f89a6601-fbff-42e6-9bbd-dddde543c75d	UC3_ODV_MERLIJN_SABRE_D	ODV_MERLIJN_SABRE_D
f9644d0d-b5fc-4c6d-9dc4-73590776dd67	UC4_ZG_ZKA_HOOLI	ZG_ZKA_HOOLI
