UC1-INFRA_ST-MONITOR_INFRA_INFRA-MONITOR-UC1	UC1-INFRA_ST-MONITOR_INFRA
UC1_AB_CLAIMS_UMBRELLA_AB_CLAIMS_UMBRELLA	UC1_AB_CLAIMS_UMBRELLA
UC1_AB_HRDATA_WEYLAND_AB_HRDATA_WEYLAND	UC1_AB_HRDATA_WEYLAND
UC1_AB_POLIS_UMBRELLA_AB_POLIS_UMBRELLA	UC1_AB_POLIS_UMBRELLA
UC1_AB_PORTAL_ABSTERGO_AB_PORTAL_ABSTERGO	UC1_AB_PORTAL_ABSTERGO
UC1_AIM_SAPPO_WONKA-PUO_AIM_SAPPO_WONKA-PUO	UC1_AIM_SAPPO_WONKA-PUO
UC1_APS_INVOICE_STARK_APS_INVOICE_STARK	UC1_APS_INVOICE_STARK
UC1_APS_RISK_TYRELL_APS_RISK_TYRELL	UC1_APS_RISK_TYRELL
UC1_APS_STREAM_SOYLENT_APS_STREAM_SOYLENT	UC1_APS_STREAM_SOYLENT
UC1_APS_TELEM_GEKKO_APS_TELEM_GEKKO	UC1_APS_TELEM_GEKKO
UC1_CB_MARKETING_WNK_CB_MARKETING_WNK	UC1_CB_MARKETING_WNK
UC1_CDV_STREAM_DUFF_CDV_STREAM_DUFF	UC1_CDV_STREAM_DUFF
UC1_CD_BATCH_MASSIVE_CD_BATCH_MASSIVE	UC1_CD_BATCH_MASSIVE
UC1_CD_COSMOS_WONKA_CD_COSMOS_WONKA	UC1_CD_COSMOS_WONKA
UC1_CD_COSMOS_WONKA_CD_COSMOS_WONKA_CD_COSMOS_WONKA	UC1_CD_COSMOS_WONKA
UC1_CD_INVOICE_VANDELAY_CD_INVOICE_VANDELAY	UC1_CD_INVOICE_VANDELAY
UC1_CD_PRINTMGMT_WONKA_CD_PRINTMGMT_WONKA	UC1_CD_PRINTMGMT_WONKA
UC1_DPL_AUDITLOG_DUNDER_DPL_AUDITLOG_DUNDER	UC1_DPL_AUDITLOG_DUNDER
UC1_FIN_BILLING_GLOBEXX_FIN_BILLING_GLOBEXX	UC1_FIN_BILLING_GLOBEXX
UC1_FIN_BILLING_GLOBEX_FIN_BILLING_GLOBEX	UC1_FIN_BILLING_GLOBEX
UC1_FIN_CLAIMS_MONARCH_FIN_CLAIMS_MONARCH	UC1_FIN_CLAIMS_MONARCH
UC1_FIN_LEDGER_GLOBEX_FIN_LEDGER_GLOBEX	UC1_FIN_LEDGER_GLOBEX
UC1_FIN_TREASURY_GEKKO_FIN_TREASURY_GEKKO	UC1_FIN_TREASURY_GEKKO
UC1_FS_MORTGAGE_SABRE_FS_MORTGAGE_SABRE	UC1_FS_MORTGAGE_SABRE
UC1_FS_PENSION_DUNDER_FS_PENSION_DUNDER	UC1_FS_PENSION_DUNDER
UC1_HR_ARCHIVE_ZORG_HR_ARCHIVE_ZORG	UC1_HR_ARCHIVE_ZORG
UC1_HR_PAYROLL_INITECH_HR_PAYROLL_INITECH	UC1_HR_PAYROLL_INITECH
UC1_IT_ARCHIVE_INITECH_IT_ARCHIVE_INITECH	UC1_IT_ARCHIVE_INITECH
UC1_IT_BILLING_BLUTH_IT_BILLING_BLUTH	UC1_IT_BILLING_BLUTH
UC1_IT_CRM_STARK_IT_CRM_STARK	UC1_IT_CRM_STARK
UC1_IT_GENLEDGER_HOOLI	UC1_IT_LEDGER_HOOLI
UC1_IT_GENLEDGER_HOOLI_IT_LEDGER_HOOLI	UC1_IT_LEDGER_HOOLI
UC1_IT_HEARTBEAT_INITECH_IT_HEARTBEAT_INITECH	UC1_IT_HEARTBEAT_INITECH
UC1_IT_LEDGER_HOOLI_IT_LEDGER_HOOLI	UC1_IT_LEDGER_HOOLI
UC1_ODV_DMS_CYBERDYNE_ODV_DMS_CYBERDYNE	UC1_ODV_DMS_CYBERDYNE
UC1_ODV_RISK_TYRELL_ODV_RISK_TYRELL	UC1_ODV_RISK_TYRELL
UC1_SI_PORTAL_OSCORP_SI_PORTAL_OSCORP	UC1_SI_PORTAL_OSCORP
UC1_SYNT_ITP_APERTURE_SYNT_ITP_APERTURE	UC1_SYNT_ITP_APERTURE
UC1_WA_BATCH_WAYNE_WA_BATCH_WAYNE	UC1_WA_BATCH_WAYNE
UC1_WA_CRM_PIEDPIPER_WA_CRM_PIEDPIPER	UC1_WA_CRM_PIEDPIPER
UC1_ZG_DMS_PRIMATECH_ZG_DMS_PRIMATECH	UC1_ZG_DMS_PRIMATECH
UC1_ZG_PENSION_HOOLI_ZG_PENSION_HOOLI	UC1_ZG_PENSION_HOOLI
UC1_ZK_CLAIMS_BLACKMESA_ZK_CLAIMS_BLACKMESA	UC1_ZK_CLAIMS_BLACKMESA
UC2-INFRA_ST-MONITOR_INFRA_INFRA-MONITOR-UC2	UC2-INFRA_ST-MONITOR_INFRA
UC2_AB_EKDSI_STARK_AB_EKDSI_STARK	UC2_AB_EKDSI_STARK
UC2_APS_VIDA_UMBRELLA_APS_VIDA_UMBRELLA	UC2_APS_VIDA_UMBRELLA
UC2_CB_VIDA_WAYNE_CB_VIDA_WAYNE	UC2_CB_VIDA_WAYNE
UC2_CD_ARIVA_BLUTH_CD_ARIVA_BLUTH	UC2_CD_ARIVA_BLUTH
UC2_CD_ARIVA_DUNDER_CD_ARIVA_DUNDER	UC2_CD_ARIVA_DUNDER
UC2_CD_ARIVA_SABRE_CD_ARIVA_SABRE	UC2_CD_ARIVA_SABRE
UC2_DPL_POLIS_TYRELL2	UC2_DPL_POLIS_TYRELL
UC2_DPL_POLIS_TYRELL2_DPL_POLIS_TYRELL	UC2_DPL_POLIS_TYRELL
UC2_DPL_POLIS_TYRELL_DPL_POLIS_TYRELL	UC2_DPL_POLIS_TYRELL
UC2_FS_STMT_APERTURE_FS_STMT_APERTURE	UC2_FS_STMT_APERTURE
UC2_HR_MATCH_VANDELAY_HR_MATCH_VANDELAY	UC2_HR_MATCH_VANDELAY
UC2_IT_EKDSI_CYBERDYNE_IT_EKDSI_CYBERDYNE	UC2_IT_EKDSI_CYBERDYNE
UC2_IT_MAIA_SOYLENT_IT_MAIA_SOYLENT	UC2_IT_MAIA_SOYLENT
UC2_IT_SAPBHP_GEKKO_IT_SAPBHP_GEKKO	UC2_IT_SAPBHP_GEKKO
UC2_ODV_MAIA_PIEDPIPER_ODV_MAIA_PIEDPIPER	UC2_ODV_MAIA_PIEDPIPER
UC2_SI_SAPBHP_APERTURE_SI_SAPBHP_APERTURE	UC2_SI_SAPBHP_APERTURE
UC2_SI_VPS_VDN_SI_VPS_VDN	UC2_SI_VPS_VDN
UC2_WA_VDN_WA_VDN	UC2_WA_VDN
UC2_ZG_MATCH_HOOLI_ZG_MATCH_HOOLI	UC2_ZG_MATCH_HOOLI
UC2_ZK_ARIVA_OSCORP_ZK_ARIVA_OSCORP	UC2_ZK_ARIVA_OSCORP
UC3-INFRA_ST-MONITOR_INFRA_INFRA-MONITOR-UC3	UC3-INFRA_ST-MONITOR_INFRA
UC3_AB_CREDITREG_WEYLAND_AB_CREDITREG_WEYLAND	UC3_AB_CREDITREG_WEYLAND
UC3_AB_EXPORT_WAYNE_AB_EXPORT_WAYNE	UC3_AB_EXPORT_WAYNE
UC3_AB_NAS2_GLOBEX	UC3_AB_NAS_GLOBEX
UC3_AB_NAS2_GLOBEX_AB_NAS_GLOBEX	UC3_AB_NAS_GLOBEX
UC3_AB_NAS_GLOBEX_AB_NAS_GLOBEX	UC3_AB_NAS_GLOBEX
UC3_AB_SNOWFLAKE_GLOBEX_AB_SNOWFLAKE_GLOBEX	UC3_AB_SNOWFLAKE_GLOBEX
UC3_AIM_QUOTES_WONKA_AIM_QUOTES_WONKA	UC3_AIM_QUOTES_WONKA
UC3_APS_FMGENLOG_CYBERDYNE_APS_FMGENLOG_CYBERDYNE	UC3_APS_FMGENLOG_CYBERDYNE
UC3_APS_FMREPLERR_CYBERDYNE_APS_FMREPLERR_CYBERDYNE	UC3_APS_FMREPLERR_CYBERDYNE
UC3_APS_SETTLE_P2P1_APS_SETTLE_P2P1	UC3_APS_SETTLE_P2P1
UC3_APS_SETTLE_P2P2_APS_SETTLE_P2P2	UC3_APS_SETTLE_P2P2
UC3_APS_SYSHUB_SOYLENT_APS_SYSHUB_SOYLENT	UC3_APS_SYSHUB_SOYLENT
UC3_CB_QUOTES_GEKKO_CB_QUOTES_GEKKO	UC3_CB_QUOTES_GEKKO
UC3_CDV_STREAM_ABSTERGO_CDV_STREAM_ABSTERGO	UC3_CDV_STREAM_ABSTERGO
UC3_CDV_STREAM_DUFF_I_CDV_STREAM_DUFF_I	UC3_CDV_STREAM_DUFF_I
UC3_CD_QUOTES_STARK_CD_QUOTES_STARK	UC3_CD_QUOTES_STARK
UC3_DPL_STREAM_UMBRELLA_DPL_STREAM_UMBRELLA	UC3_DPL_STREAM_UMBRELLA
UC3_FIN_FACTS_MASSIVE_FIN_FACTS_MASSIVE	UC3_FIN_FACTS_MASSIVE
UC3_FIN_LEDGER_GLOBEX_FIN_LEDGER_GLOBEX	UC3_FIN_LEDGER_GLOBEX
UC3_FIN_NAS_VANDELAY_FIN_NAS_VANDELAY	UC3_FIN_NAS_VANDELAY
UC3_FS_SAPBODS_PRIMATECH_D_FS_SAPBODS_PRIMATECH_D	UC3_FS_SAPBODS_PRIMATECH_D
UC3_FS_SAPBODS_PRIMATECH_I_FS_SAPBODS_PRIMATECH_I	UC3_FS_SAPBODS_PRIMATECH_I
UC3_FS_SAPBODS_PRIMATECH_M_FS_SAPBODS_PRIMATECH_M	UC3_FS_SAPBODS_PRIMATECH_M
UC3_HR_AFAS_GEKKO_HR_AFAS_GEKKO	UC3_HR_AFAS_GEKKO
UC3_IT_DISPATCH_INITECH_IT_DISPATCH_INITECH	UC3_IT_DISPATCH_INITECH
UC3_IT_FACTS_HOOLI_IT_FACTS_HOOLI	UC3_IT_FACTS_HOOLI
UC3_IT_RECON_HOOLI_IT_RECON_HOOLI	UC3_IT_RECON_HOOLI
UC3_ODV_EMIS_ZORG_ODV_EMIS_ZORG	UC3_ODV_EMIS_ZORG
UC3_ODV_MERLIJN_SABRE_D_ODV_MERLIJN_SABRE_D	UC3_ODV_MERLIJN_SABRE_D
UC3_ODV_MERLIJN_SABRE_I_ODV_MERLIJN_SABRE_I	UC3_ODV_MERLIJN_SABRE_I
UC3_SI_TELEMETRY_STARK_SI_TELEMETRY_STARK	UC3_SI_TELEMETRY_STARK
UC3_SYNT_NAS_TYRELL_SYNT_NAS_TYRELL	UC3_SYNT_NAS_TYRELL
UC3_WA_TELEMATICS_MONARCH_WA_TELEMATICS_MONARCH	UC3_WA_TELEMATICS_MONARCH
UC3_ZG_IKAZ_BLUTH_ZG_IKAZ_BLUTH	UC3_ZG_IKAZ_BLUTH
UC3_ZG_PGBMATCH_APERTURE_ZG_PGBMATCH_APERTURE	UC3_ZG_PGBMATCH_APERTURE
UC3_ZK_IKAZ_BLACKMESA_ZK_IKAZ_BLACKMESA	UC3_ZK_IKAZ_BLACKMESA
UC4-INFRA_ST-MONITOR_INFRA_INFRA-MONITOR-UC4	UC4-INFRA_ST-MONITOR_INFRA
UC4_AB_SCAN_MONARCH_AB_SCAN_MONARCH	UC4_AB_SCAN_MONARCH
UC4_AB_TDRS_PRIMATECH_AB_TDRS_PRIMATECH	UC4_AB_TDRS_PRIMATECH
UC4_AIM_LAKE_PIEDPIPER_AIM_LAKE_PIEDPIPER	UC4_AIM_LAKE_PIEDPIPER
UC4_APS_COSMOS-GLOBEX	UC4_APS_COSMOS_GLOBEX
UC4_APS_COSMOS-GLOBEX_APS_COSMOS_GLOBEX	UC4_APS_COSMOS_GLOBEX
UC4_APS_COSMOS_GLOBEX_APS_COSMOS_GLOBEX	UC4_APS_COSMOS_GLOBEX
UC4_CB_ISOLATED_SOYLENT2_CB_ISOLATED_SOYLENT2	UC4_CB_ISOLATED_SOYLENT2
UC4_CB_ISOLATED_SOYLENT_CB_ISOLATED_SOYLENT	UC4_CB_ISOLATED_SOYLENT
UC4_CDV_KRP-TDI_WONKA_CDV_KRP-TDI_WONKA	UC4_CDV_KRP-TDI_WONKA
UC4_CD_INVOICE_VANDELAY_CD_INVOICE_VANDELAY	UC4_CD_INVOICE_VANDELAY
UC4_CD_ZIBA_GEKKO_CD_ZIBA_GEKKO	UC4_CD_ZIBA_GEKKO
UC4_DPL_RENSEI_SOYLENT_DPL_RENSEI_SOYLENT	UC4_DPL_RENSEI_SOYLENT
UC4_DPL_SCAN_CYBERDYNE_DPL_SCAN_CYBERDYNE	UC4_DPL_SCAN_CYBERDYNE
UC4_FIN_PORTAL_DUFF_FIN_PORTAL_DUFF	UC4_FIN_PORTAL_DUFF
UC4_FS_IFRS_WAYNE_FS_IFRS_WAYNE	UC4_FS_IFRS_WAYNE
UC4_FS_STMT_APERTURE_IN_FS_STMT_APERTURE_IN	UC4_FS_STMT_APERTURE_IN
UC4_HR_LAKE_BLACKMESA_HR_LAKE_BLACKMESA	UC4_HR_LAKE_BLACKMESA
UC4_HR_PENSION_OSCORP_HR_PENSION_OSCORP	UC4_HR_PENSION_OSCORP
UC4_IT_ARCHIVE_ZORG_IT_ARCHIVE_ZORG	UC4_IT_ARCHIVE_ZORG
UC4_IT_EKDSI_CYBERDYNE_IT_EKDSI_CYBERDYNE	UC4_IT_EKDSI_CYBERDYNE
UC4_IT_TDRS_BLUTH_IT_TDRS_BLUTH	UC4_IT_TDRS_BLUTH
UC4_ODV_ARE_APERTURE2_ODV_ARE_APERTURE2	UC4_ODV_ARE_APERTURE2
UC4_ODV_ARE_APERTURE_ODV_ARE_APERTURE	UC4_ODV_ARE_APERTURE
UC4_SI_ROS_SABRE_SI_ROS_SABRE	UC4_SI_ROS_SABRE
UC4_WA_SENSOR_STARK_WA_SENSOR_STARK	UC4_WA_SENSOR_STARK
UC4_WA_ZKA_ABSTERGO_WA_ZKA_ABSTERGO	UC4_WA_ZKA_ABSTERGO
UC4_ZG_BULK_DUNDER_ZG_BULK_DUNDER	UC4_ZG_BULK_DUNDER
UC4_ZG_CIVIL_DUNDER_ZG_CIVIL_DUNDER	UC4_ZG_CIVIL_DUNDER
UC4_ZG_ZKA_HOOLI_ZG_ZKA_HOOLI	UC4_ZG_ZKA_HOOLI
UC4_ZK_MIAZ_INITECH_ZK_MIAZ_INITECH	UC4_ZK_MIAZ_INITECH
UC4_ZK_SENSOR_SOYLENT_ZK_SENSOR_SOYLENT	UC4_ZK_SENSOR_SOYLENT
UC5_CB_STARK_WAYNE_CB_STARK_WAYNE	UC5_CB_STARK_WAYNE
UC8_ZG_HOOLI_GEKKO_ZG_HOOLI_GEKKO	UC8_ZG_HOOLI_GEKKO
