00422b9b-efef-4511-ad64-878e9b5e6980	UC2_CB_VIDA_WAYNE	CB_VIDA_WAYNE
0373afac-7a83-4652-8f60-65d2edbe6cc1	UC2_APS_VIDA_UMBRELLA	APS_VIDA_UMBRELLA
06b6d80e-bd5f-4c49-9ff5-0ddea5c67ed4	CRM_SYNC_INITECH	CRM_SYNC_INITECH
14286982-02db-4b92-9421-1077f4e10b13	UC1_FS_MORTGAGE_SABRE	FS_MORTGAGE_SABRE
1abb19a8-961d-472b-b95e-95612481a436	STMT_EXPORT_GLOBEX_01	STMT_EXPORT_GLOBEX_01
1abb19a8-961d-472b-b95e-95612481a436	STMT_EXPORT_GLOBEX_02	STMT_EXPORT_GLOBEX_02
1abb19a8-961d-472b-b95e-95612481a436	STMT_EXPORT_GLOBEX_03	STMT_EXPORT_GLOBEX_03
1abb19a8-961d-472b-b95e-95612481a436	STMT_EXPORT_GLOBEX_04	STMT_EXPORT_GLOBEX_04
1abb19a8-961d-472b-b95e-95612481a436	STMT_EXPORT_GLOBEX_05	STMT_EXPORT_GLOBEX_05
1abb19a8-961d-472b-b95e-95612481a436	STMT_EXPORT_GLOBEX_06	STMT_EXPORT_GLOBEX_06
1abb19a8-961d-472b-b95e-95612481a436	STMT_EXPORT_GLOBEX_07	STMT_EXPORT_GLOBEX_07
1abb19a8-961d-472b-b95e-95612481a436	STMT_EXPORT_GLOBEX_08	STMT_EXPORT_GLOBEX_08
1d0e8d55-f782-4b5b-b863-d8b44ff3edf7	UC3_APS_SYSHUB_SOYLENT	APS_SYSHUB_SOYLENT
1f5d2b72-78ac-47d2-8bcd-cfd9e6fcab76	UC4_ZG_ZKA_HOOLI	ZG_ZKA_HOOLI
2e016249-c576-4022-92ed-b7a8b0eda4a6	UC1_FIN_BILLING_GLOBEX	FIN_BILLING_GLOBEX
4786e1a0-f754-4e5b-a525-dd2e32545387	UC1_AB_CLAIMS_UMBRELLA	AB_CLAIMS_UMBRELLA
4b3b2fb7-a6a4-4974-9f27-4caa676d357b	UC1_APS_INVOICE_STARK	APS_INVOICE_STARK
5413e5a3-6e50-47b6-986f-4c0d204c95a1	UC3_APS_FMREPLERR_CYBERDYNE	APS_FMREPLERR_CYBERDYNE
579e4b49-b7d7-4865-b69f-06040a76cdf8	UC1_IT_ARCHIVE_INITECH	IT_ARCHIVE_INITECH
5e2781a5-8cda-459e-8e1f-86c3765a171c	UC4_ZK_MIAZ_INITECH	ZK_MIAZ_INITECH
5f2f34b6-d4d4-4e2c-a51a-767fc439baa6	UC2_IT_SAPBHP_GEKKO	IT_SAPBHP_GEKKO
604ea791-3179-405e-a2ca-30ac7b323e19	UC3_IT_RECON_HOOLI	IT_RECON_HOOLI
61ee763f-4076-43d0-bddb-f2c6acbdbed1	UC2_IT_EKDSI_CYBERDYNE	IT_EKDSI_CYBERDYNE
80313e22-5df7-415a-ba0f-6bacfc5141ee	UC1_CD_PRINTMGMT_WONKA	CD_PRINTMGMT_WONKA
83c6550c-8c16-4fb3-82a7-ec994884e010	UC4_APS_COSMOS_GLOBEX	APS_COSMOS_GLOBEX
8ecd42ee-4ac5-4eea-89c4-3cffad751060	UC3_ZG_IKAZ_BLUTH	ZG_IKAZ_BLUTH
93c3269e-661c-4db1-9499-758ec7bc3e7a	UC1_CD_COSMOS_WONKA	CD_COSMOS_WONKA
9fafd886-6f31-4221-8f71-749630c108ad	HR_ROSTER_UMBRELLA	HR_ROSTER_UMBRELLA
b0bc2a2c-e2d5-44df-9222-8f4fc50618f1	UC4_CD_ZIBA_GEKKO	CD_ZIBA_GEKKO
bccaa702-8c82-4bcd-8494-6a0459085a14	UC4_DPL_SCAN_CYBERDYNE	DPL_SCAN_CYBERDYNE
c0728465-095f-43e8-ae26-bdba1b30fdf5	REC_FEEDS_SOYLENT	REC_FEEDS_SOYLENT
c1ff53b9-b15e-4b9d-9519-dcd1561edc5d	UC1-INFRA_ST-MONITOR_INFRA	INFRA-MONITOR-UC1
c51d2776-d052-4e66-80ed-10352e7a57bf	UC2-INFRA_ST-MONITOR_INFRA	INFRA-MONITOR-UC2
c83cfb33-ef46-412f-bcc2-439906d6d322	UC3-INFRA_ST-MONITOR_INFRA	INFRA-MONITOR-UC3
c9df7d4c-33c0-4bf0-8cb9-d14110cba9b7	UC1_FIN_CLAIMS_MONARCH	FIN_CLAIMS_MONARCH
cb5bcef0-0e3a-43f9-a896-76fddf324e84	UC4-INFRA_ST-MONITOR_INFRA	INFRA-MONITOR-UC4
cb85a6a2-edc7-4cb5-8dfd-e4deeb2b56cd	INV_PAYMENTS_HOOLI	INV_PAYMENTS_HOOLI
ceca32b8-0956-41c4-98a1-d5ddc40a6ef6	UC4_AIM_LAKE_PIEDPIPER	AIM_LAKE_PIEDPIPER
d05193c4-37a5-456a-a887-46be64b09cc7	GL_POSTINGS_GEKKO	GL_POSTINGS_GEKKO
d6a78db7-143d-4eed-8fc0-90bedda187fe	UC2_CD_PARCELX_BLUTH	CD_PARCELX_BLUTH
d8bff0c7-d16b-4d24-920d-b2fe5f0697e5	UC4_CDV_KRP-TDI_WONKA	CDV_KRP-TDI_WONKA
e18231b7-f457-49cc-805d-df15e7c7cb04	UC3_APS_FMGENLOG_CYBERDYNE	APS_FMGENLOG_CYBERDYNE
e5d112d3-119f-4106-9d4b-189cdc7ae073	UC3_ODV_MERLIJN_SABRE_D	ODV_MERLIJN_SABRE_D
e7952083-872b-42f6-8669-54f5ccb18ce8	UC1_ZG_PENSION_HOOLI	ZG_PENSION_HOOLI
eca95cec-a160-4cd5-98d7-aa487ecb5323	UC3_AB_NAS_GLOBEX	AB_NAS_GLOBEX
f3fc41db-aa35-4bb7-9922-2b1b0cfe3735	UC2_CD_PARCEL_BLUTH	CD_PARCEL_BLUTH
fbec4683-5ec0-4cde-959e-dea410179518	UC2_ZG_MATCH_HOOLI	ZG_MATCH_HOOLI
fc19fe15-24ef-4eef-b912-9456d3f84784	UC1_HR_ARCHIVE_ZORG	HR_ARCHIVE_ZORG
