CRM_SYNC_INITECH_CRM_SYNC_INITECH	CRM_SYNC_INITECH
GL_POSTINGS_GEKKO_GL_POSTINGS_GEKKO	GL_POSTINGS_GEKKO
HR_ROSTER_UMBRELLA_HR_ROSTER_UMBRELLA	HR_ROSTER_UMBRELLA
INV_PAYMENTS_HOOLI_INV_PAYMENTS_HOOLI	INV_PAYMENTS_HOOLI
REC_FEEDS_SOYLENT_REC_FEEDS_SOYLENT	REC_FEEDS_SOYLENT
STMT_EXPORT_GLOBEX_01_STMT_EXPORT_GLOBEX_01	STMT_EXPORT_GLOBEX_01
STMT_EXPORT_GLOBEX_02_STMT_EXPORT_GLOBEX_02	STMT_EXPORT_GLOBEX_02
STMT_EXPORT_GLOBEX_03_STMT_EXPORT_GLOBEX_03	STMT_EXPORT_GLOBEX_03
STMT_EXPORT_GLOBEX_04_STMT_EXPORT_GLOBEX_04	STMT_EXPORT_GLOBEX_04
STMT_EXPORT_GLOBEX_05_STMT_EXPORT_GLOBEX_05	STMT_EXPORT_GLOBEX_05
STMT_EXPORT_GLOBEX_06_STMT_EXPORT_GLOBEX_06	STMT_EXPORT_GLOBEX_06
STMT_EXPORT_GLOBEX_07_STMT_EXPORT_GLOBEX_07	STMT_EXPORT_GLOBEX_07
STMT_EXPORT_GLOBEX_08_STMT_EXPORT_GLOBEX_08	STMT_EXPORT_GLOBEX_08
UC1-INFRA_ST-MONITOR_INFRA_INFRA-MONITOR-UC1	UC1-INFRA_ST-MONITOR_INFRA
UC1_AB_CLAIMS_UMBRELLA_AB_CLAIMS_UMBRELLA	UC1_AB_CLAIMS_UMBRELLA
UC1_APS_INVOICE_STARK_APS_INVOICE_STARK	UC1_APS_INVOICE_STARK
UC1_CD_COSMOS_WONKA_CD_COSMOS_WONKA	UC1_CD_COSMOS_WONKA
UC1_CD_PRINTMGMT_WONKA_CD_PRINTMGMT_WONKA	UC1_CD_PRINTMGMT_WONKA
UC1_FIN_BILLING_GLOBEX_FIN_BILLING_GLOBEX	UC1_FIN_BILLING_GLOBEX
UC1_FIN_CLAIMS_MONARCH_FIN_CLAIMS_MONARCH	UC1_FIN_CLAIMS_MONARCH
UC1_FS_MORTGAGE_SABRE_FS_MORTGAGE_SABRE	UC1_FS_MORTGAGE_SABRE
UC1_HR_ARCHIVE_ZORG_HR_ARCHIVE_ZORG	UC1_HR_ARCHIVE_ZORG
UC1_IT_ARCHIVE_INITECH_IT_ARCHIVE_INITECH	UC1_IT_ARCHIVE_INITECH
UC1_ZG_PENSION_HOOLI_ZG_PENSION_HOOLI	UC1_ZG_PENSION_HOOLI
UC2-INFRA_ST-MONITOR_INFRA_INFRA-MONITOR-UC2	UC2-INFRA_ST-MONITOR_INFRA
UC2_APS_VIDA_UMBRELLA_APS_VIDA_UMBRELLA	UC2_APS_VIDA_UMBRELLA
UC2_CB_VIDA_WAYNE_CB_VIDA_WAYNE	UC2_CB_VIDA_WAYNE
UC2_IT_EKDSI_CYBERDYNE_IT_EKDSI_CYBERDYNE	UC2_IT_EKDSI_CYBERDYNE
UC2_IT_SAPBHP_GEKKO_IT_SAPBHP_GEKKO	UC2_IT_SAPBHP_GEKKO
UC2_ZG_MATCH_HOOLI_ZG_MATCH_HOOLI	UC2_ZG_MATCH_HOOLI
UC3-INFRA_ST-MONITOR_INFRA_INFRA-MONITOR-UC3	UC3-INFRA_ST-MONITOR_INFRA
UC3_AB_NAS_GLOBEX_AB_NAS_GLOBEX	UC3_AB_NAS_GLOBEX
UC3_APS_FMGENLOG_CYBERDYNE_APS_FMGENLOG_CYBERDYNE	UC3_APS_FMGENLOG_CYBERDYNE
UC3_APS_FMREPLERR_CYBERDYNE_APS_FMREPLERR_CYBERDYNE	UC3_APS_FMREPLERR_CYBERDYNE
UC3_APS_SYSHUB_SOYLENT_APS_SYSHUB_SOYLENT	UC3_APS_SYSHUB_SOYLENT
UC3_IT_RECON_HOOLI_IT_RECON_HOOLI	UC3_IT_RECON_HOOLI
UC3_ODV_MERLIJN_SABRE_D_ODV_MERLIJN_SABRE_D	UC3_ODV_MERLIJN_SABRE_D
UC3_ZG_IKAZ_BLUTH_ZG_IKAZ_BLUTH	UC3_ZG_IKAZ_BLUTH
UC4-INFRA_ST-MONITOR_INFRA_INFRA-MONITOR-UC4	UC4-INFRA_ST-MONITOR_INFRA
UC4_AIM_LAKE_PIEDPIPER_AIM_LAKE_PIEDPIPER	UC4_AIM_LAKE_PIEDPIPER
UC4_APS_COSMOS_GLOBEX_APS_COSMOS_GLOBEX	UC4_APS_COSMOS_GLOBEX
UC4_CDV_KRP-TDI_WONKA_CDV_KRP-TDI_WONKA	UC4_CDV_KRP-TDI_WONKA
UC4_CD_ZIBA_GEKKO_CD_ZIBA_GEKKO	UC4_CD_ZIBA_GEKKO
UC4_DPL_SCAN_CYBERDYNE_DPL_SCAN_CYBERDYNE	UC4_DPL_SCAN_CYBERDYNE
UC4_ZG_ZKA_HOOLI_ZG_ZKA_HOOLI	UC4_ZG_ZKA_HOOLI
UC4_ZK_MIAZ_INITECH_ZK_MIAZ_INITECH	UC4_ZK_MIAZ_INITECH
